id;date_iso8601;employee_id;partner_id;amount_cents;status
019e9c4f-f7b8-728d-bd90-8b0803428f7c;2026-06-06T09:42:27.000Z;019e81fb-7180-71d8-9856-c2ad50f6d2e2;019e1bfc-9a80-7437-828b-2350a402c2a5;7690;validated
019ea1c7-deb8-720d-907c-f029ae39fd16;2026-06-07T11:11:31.000Z;019e81fb-7180-7759-9079-43fb0c4eef9b;019dfcdf-8400-7cd3-bc51-1b4b354aabbb;2900;validated
019ea209-3548-7a00-8c50-59a3e267e2ad;2026-06-07T12:22:53.000Z;019e81fb-7180-71d7-bf28-b64501f7e214;019df240-6640-7ef2-9d08-199c0e36cd2f;1990;validated
019ea26f-84b0-726e-8b04-65f38d0d4cc0;2026-06-07T14:14:38.000Z;019e81fb-7180-7766-94a9-af69722de51b;019e031d-1c60-75e5-bf23-4ae718f6caa5;1450;validated
019ea316-5ba0-78c5-b985-405426c1444c;2026-06-07T17:16:52.000Z;019e81fb-7180-7e90-a7c2-71f9898a2d8b;019dfcdf-8400-7cd3-bc51-1b4b354aabbb;5029;validated
019eac71-4160-7991-957a-85c4cbd3a5aa;2026-06-09T12:52:44.000Z;019e81fb-7180-7826-8b29-f71694a71d37;019e031d-1c60-75e5-bf23-4ae718f6caa5;3490;validated
019eaccf-7690-7d3d-9eb0-a28b7041b4d0;2026-06-09T14:35:38.000Z;019e81fb-7180-7d0b-bd14-bf01ccb30ec1;019e165f-39c0-72e7-805d-5983bca89316;8700;validated
019eadb4-a670-78cb-831d-a177ade4f959;2026-06-09T18:45:58.000Z;019e81fb-7180-7ca7-88f3-0956ce7af90f;019df882-9280-7611-809d-b8ea9ad75f62;2250;validated
019eb10b-2858-79e1-83c3-a47bb2713f07;2026-06-10T10:19:19.000Z;019e81fb-7180-71d8-9856-c2ad50f6d2e2;019df240-6640-7ef2-9d08-199c0e36cd2f;1102;validated
019eb7cd-7178-726c-bab2-3d4999f805ed;2026-06-11T17:49:15.000Z;019e81fb-7180-783c-af91-817c1945b407;019e165f-39c0-72e7-805d-5983bca89316;7900;validated
019ebb34-79d8-7f03-abf3-43871a25df0f;2026-06-12T09:40:39.000Z;019e81fb-7180-76bb-824f-d26b6cb86757;019df882-9280-7611-809d-b8ea9ad75f62;2490;validated
019ebc42-3c70-72e3-84f6-dae85833a5a6;2026-06-12T14:35:18.000Z;019e81fb-7180-7cf0-a08a-b23a84d1f7e2;019e1bfc-9a80-7437-828b-2350a402c2a5;5100;validated
019ebc4a-52c0-75fd-aed8-2567f347e958;2026-06-12T14:44:08.000Z;019e81fb-7180-7804-98a5-d0068c2cf02e;019e165f-39c0-72e7-805d-5983bca89316;7100;validated
019ebc81-a6d0-76c4-a38a-9c281be03b0e;2026-06-12T15:44:34.000Z;019e81fb-7180-7766-94a9-af69722de51b;019e031d-1c60-75e5-bf23-4ae718f6caa5;4900;validated
019ec057-66f0-7a6b-b7e4-705107b5ce32;2026-06-13T09:36:54.000Z;019e81fb-7180-7826-8b29-f71694a71d37;019dfcdf-8400-7cd3-bc51-1b4b354aabbb;14040;validated
019ec1b4-ff08-7528-9467-6ed5bb183cd5;2026-06-13T15:58:45.000Z;019e81fb-7180-756c-9d73-b07977e90dca;019e165f-39c0-72e7-805d-5983bca89316;2550;validated
019ec1b7-aaa0-7bbf-be77-e985b84c5ae2;2026-06-13T16:01:40.000Z;019e81fb-7180-7b1d-bfb7-4ca1b6989340;019e1bfc-9a80-7437-828b-2350a402c2a5;7100;validated
019ec23c-e030-7538-bfcb-270f02b92f29;2026-06-13T18:27:10.000Z;019e81fb-7180-7e90-a7c2-71f9898a2d8b;019e031d-1c60-75e5-bf23-4ae718f6caa5;5650;validated
019ec5bd-d930-7890-9994-c2d149bbd23f;2026-06-14T10:46:54.000Z;019e81fb-7180-71d7-bf28-b64501f7e214;019e165f-39c0-72e7-805d-5983bca89316;15100;validated
019ec740-8190-7dd6-bb86-72cffc186998;2026-06-14T17:49:14.000Z;019e81fb-7180-7766-94a9-af69722de51b;019df882-9280-7611-809d-b8ea9ad75f62;700;validated
019ec776-1850-70e4-9149-95559a24f5d2;2026-06-14T18:47:46.000Z;019e81fb-7180-79bf-855c-a90f858c423f;019e1bfc-9a80-7437-828b-2350a402c2a5;9790;validated
019ecad4-c410-7d04-87c4-4dd23021fe9a;2026-06-15T10:30:02.000Z;019e81fb-7180-735e-bb74-856b60c045e2;019df882-9280-7611-809d-b8ea9ad75f62;1000;validated
019ecb41-83e8-7588-b945-2df64684ec90;2026-06-15T12:28:49.000Z;019e81fb-7180-777c-be09-75696ad2c12a;019e031d-1c60-75e5-bf23-4ae718f6caa5;3400;validated
019ecb8a-d570-7e1d-a093-d1d3032857bf;2026-06-15T13:48:54.000Z;019e81fb-7180-7245-b18d-7606ab555ad5;019df882-9280-7611-809d-b8ea9ad75f62;1400;validated
019ecc04-acd8-785f-a991-8240b30efce5;2026-06-15T16:01:59.000Z;019e81fb-7180-7082-8571-bc713d79af65;019df882-9280-7611-809d-b8ea9ad75f62;1100;validated
019ed1a9-7fd8-7cb6-9736-572fa3c02f45;2026-06-16T18:20:07.000Z;019e81fb-7180-7854-88be-9de1cc3ad3f9;019dfcdf-8400-7cd3-bc51-1b4b354aabbb;6690;validated
019ed502-ff60-7721-a6e6-c3ffecce2bd6;2026-06-17T09:56:44.000Z;019e81fb-7180-783c-af91-817c1945b407;019df240-6640-7ef2-9d08-199c0e36cd2f;500;validated
019ed512-5140-7bd9-b2e2-c73a1f997e96;2026-06-17T10:13:28.000Z;019e81fb-7180-7b3d-a9ba-c1ce147b2b3a;019df240-6640-7ef2-9d08-199c0e36cd2f;1500;validated
019eda48-58f8-72d8-b014-7609f0e74d07;2026-06-18T10:30:35.000Z;019e81fb-7180-7b3d-a9ba-c1ce147b2b3a;019e031d-1c60-75e5-bf23-4ae718f6caa5;5200;validated
019eda4c-f890-755f-97ab-5ba782f96195;2026-06-18T10:35:38.000Z;019e81fb-7180-7766-94a9-af69722de51b;019df882-9280-7611-809d-b8ea9ad75f62;1350;validated
019edaf7-1f28-74c7-950b-3bb5895b399f;2026-06-18T13:41:29.000Z;019e81fb-7180-7826-8b29-f71694a71d37;019df240-6640-7ef2-9d08-199c0e36cd2f;2690;validated
019edbb9-c348-7f93-a529-8cf88e1c6de7;2026-06-18T17:14:05.000Z;019e81fb-7180-7b3d-a9ba-c1ce147b2b3a;019df882-9280-7611-809d-b8ea9ad75f62;2700;validated
019edf3e-bbb8-7e2b-a15c-eb022ee3641e;2026-06-19T09:38:11.000Z;019e81fb-7180-7a89-91b4-2e66f81fe164;019dfcdf-8400-7cd3-bc51-1b4b354aabbb;8500;validated
019ee013-3258-74f7-b0fb-47a2559fbfc7;2026-06-19T13:30:15.000Z;019e81fb-7180-783c-af91-817c1945b407;019dfcdf-8400-7cd3-bc51-1b4b354aabbb;3190;validated
019ee098-fc58-7ae8-b98e-5774c1ec7d6b;2026-06-19T15:56:23.000Z;019e81fb-7180-7a89-91b4-2e66f81fe164;019e1bfc-9a80-7437-828b-2350a402c2a5;11250;validated
019ee10f-b2f8-7688-bacd-0e682bc1a94d;2026-06-19T18:06:03.000Z;019e81fb-7180-7804-98a5-d0068c2cf02e;019e031d-1c60-75e5-bf23-4ae718f6caa5;6400;validated
019ee126-9658-7795-8cc6-243cda914409;2026-06-19T18:31:03.000Z;019e81fb-7180-79bf-855c-a90f858c423f;019df882-9280-7611-809d-b8ea9ad75f62;2690;validated
019eef5d-9078-7b00-90b4-9a10fa57809a;2026-06-22T12:45:47.000Z;019e81fb-7180-7766-94a9-af69722de51b;019dfcdf-8400-7cd3-bc51-1b4b354aabbb;12700;validated
019eefea-d0a0-7d9c-947f-fedb71b939f1;2026-06-22T15:20:04.000Z;019e81fb-7180-70aa-97f0-1aec5803dcd6;019e031d-1c60-75e5-bf23-4ae718f6caa5;5850;validated
019ef3e1-8e10-7b39-b6d2-e7ececc7d971;2026-06-23T09:48:26.000Z;019e81fb-7180-705b-9f1b-83316cdf5d1f;019df240-6640-7ef2-9d08-199c0e36cd2f;3300;validated
019ef442-5380-7a5e-9d79-ffa12761323d;2026-06-23T11:34:08.000Z;019e81fb-7180-71d8-9856-c2ad50f6d2e2;019dfcdf-8400-7cd3-bc51-1b4b354aabbb;1837;validated
019ef525-6468-78f6-9bfe-aaac12e8f54b;2026-06-23T15:42:09.000Z;019e81fb-7180-756c-9d73-b07977e90dca;019dfcdf-8400-7cd3-bc51-1b4b354aabbb;8200;validated
019ef536-7780-71f8-ba48-2c087d9a24ec;2026-06-23T16:00:48.000Z;019e81fb-7180-7b1d-bfb7-4ca1b6989340;019df882-9280-7611-809d-b8ea9ad75f62;2200;validated
019ef5d7-dbe8-716d-8d56-f22212510792;2026-06-23T18:57:05.000Z;019e81fb-7180-7b1d-bfb7-4ca1b6989340;019e165f-39c0-72e7-805d-5983bca89316;9500;validated
019ef9d0-bc38-7157-b06f-b2b5d0432f40;2026-06-24T13:27:47.000Z;019e81fb-7180-7766-94a9-af69722de51b;019e1bfc-9a80-7437-828b-2350a402c2a5;11200;refused
019efa8d-70d0-7afa-b75d-ad6fb59bb2f0;2026-06-24T16:53:54.000Z;019e81fb-7180-7c60-8331-507544e97958;019dfcdf-8400-7cd3-bc51-1b4b354aabbb;9490;validated
019f0007-f7b0-74c4-bd40-0744ff8a02dd;2026-06-25T18:25:50.000Z;019e81fb-7180-71d8-9856-c2ad50f6d2e2;019e1bfc-9a80-7437-828b-2350a402c2a5;8690;validated
019f0e5f-8990-79b6-9248-8e9c32574eb1;2026-06-28T13:16:10.000Z;019e81fb-7180-7a89-91b4-2e66f81fe164;019df882-9280-7611-809d-b8ea9ad75f62;3247;refused
019f0ef9-d1a8-7f37-aa43-35df189ed0ec;2026-06-28T16:04:41.000Z;019e81fb-7180-7029-835d-5d61d52ecc37;019df240-6640-7ef2-9d08-199c0e36cd2f;2500;validated
019f0f18-7568-7f0c-bc28-0b54d90b67e0;2026-06-28T16:38:09.000Z;019e81fb-7180-79bc-940b-f864a4faef96;019df240-6640-7ef2-9d08-199c0e36cd2f;500;validated
019f1343-d768-7a9a-b19f-4d63a7a8d438;2026-06-29T12:04:01.000Z;019e81fb-7180-7826-8b29-f71694a71d37;019e1bfc-9a80-7437-828b-2350a402c2a5;10387;refused
019f13fa-3300-7ce6-92c7-0bbf8c496125;2026-06-29T15:23:12.000Z;019e81fb-7180-70aa-97f0-1aec5803dcd6;019e1bfc-9a80-7437-828b-2350a402c2a5;3290;validated
019f18ba-8db8-70f7-8d34-f9e054aae914;2026-06-30T13:31:47.000Z;019e81fb-7180-705b-9f1b-83316cdf5d1f;019df882-9280-7611-809d-b8ea9ad75f62;1143;validated
019f1929-31f0-719c-b591-a45ea42c262c;2026-06-30T15:32:38.000Z;019e81fb-7180-7f65-ad5a-13d3a6017fdf;019df240-6640-7ef2-9d08-199c0e36cd2f;2450;validated
019f19c9-9870-760a-a70a-7b7fa4476456;2026-06-30T18:27:50.000Z;019e81fb-7180-7b3d-a9ba-c1ce147b2b3a;019df882-9280-7611-809d-b8ea9ad75f62;3790;validated
019f19cb-9828-7442-87c0-6d5c960f9ffe;2026-06-30T18:30:01.000Z;019e81fb-7180-79bf-855c-a90f858c423f;019df882-9280-7611-809d-b8ea9ad75f62;2450;validated
019f1d95-65b0-722e-b9bb-18f658f311b9;2026-07-01T12:09:18.000Z;019e81fb-7180-705b-9f1b-83316cdf5d1f;019e165f-39c0-72e7-805d-5983bca89316;15890;validated
019f1de6-48b8-7d21-868f-994d5bc48ef5;2026-07-01T13:37:39.000Z;019e81fb-7180-7826-8b29-f71694a71d37;019df240-6640-7ef2-9d08-199c0e36cd2f;3900;validated
019f1e14-6180-7021-b043-b3348b4a3f3e;2026-07-01T14:28:00.000Z;019e81fb-7180-7b3d-a9ba-c1ce147b2b3a;019e031d-1c60-75e5-bf23-4ae718f6caa5;4700;validated
019f2272-6470-7a88-937b-b904d3b64c14;2026-07-02T10:49:10.000Z;019e81fb-7180-705b-9f1b-83316cdf5d1f;019e165f-39c0-72e7-805d-5983bca89316;16700;refused
019f2333-e780-79dc-a701-f668cce3387f;2026-07-02T14:20:32.000Z;019e81fb-7180-7db0-b532-a467c7e303cb;019e1bfc-9a80-7437-828b-2350a402c2a5;3550;validated
019f280d-8ec8-7c38-be72-6101893481f4;2026-07-03T12:56:45.000Z;019e81fb-7180-7819-8321-1fe743e98716;019e165f-39c0-72e7-805d-5983bca89316;9136;validated
019f2833-23e0-74c3-832d-9221fa8e0348;2026-07-03T13:37:48.000Z;019e81fb-7180-7826-8b29-f71694a71d37;019df240-6640-7ef2-9d08-199c0e36cd2f;783;validated
019f28ca-1868-7558-b990-82e4f73b1a3a;2026-07-03T16:22:41.000Z;019e81fb-7180-756c-9d73-b07977e90dca;019e031d-1c60-75e5-bf23-4ae718f6caa5;5450;validated
019f291c-dfd0-7632-8494-26c33674e842;2026-07-03T17:53:06.000Z;019e81fb-7180-7f6a-b123-93e08772b605;019e1bfc-9a80-7437-828b-2350a402c2a5;5800;validated
019f2ceb-f8d0-758b-b37e-064d4fe44ae1;2026-07-04T11:38:10.000Z;019e81fb-7180-7a89-91b4-2e66f81fe164;019e1bfc-9a80-7437-828b-2350a402c2a5;7250;validated
019f2cfb-fa78-7c3f-ae76-f0f2cf2f1e66;2026-07-04T11:55:39.000Z;019e81fb-7180-7029-835d-5d61d52ecc37;019df882-9280-7611-809d-b8ea9ad75f62;2850;validated
019f2d1d-c6d0-74d0-820a-02ce3213745a;2026-07-04T12:32:34.000Z;019e81fb-7180-7766-94a9-af69722de51b;019e1bfc-9a80-7437-828b-2350a402c2a5;10389;refused
019f32f0-1e28-7505-a1b4-497db5a9ca6c;2026-07-05T15:40:25.000Z;019e81fb-7180-7b3d-a9ba-c1ce147b2b3a;019df240-6640-7ef2-9d08-199c0e36cd2f;2390;validated
019f32ff-ba40-7823-bdc2-5df3fdf81d8c;2026-07-05T15:57:28.000Z;019e81fb-7180-71d8-9856-c2ad50f6d2e2;019df240-6640-7ef2-9d08-199c0e36cd2f;1100;validated
019f37d5-0070-7e92-8361-47f3cf8efd1c;2026-07-06T14:28:54.000Z;019e81fb-7180-705b-9f1b-83316cdf5d1f;019e031d-1c60-75e5-bf23-4ae718f6caa5;2950;validated
019f3c35-5cf0-70cc-87ef-53c750b89fd1;2026-07-07T10:52:38.000Z;019e81fb-7180-7d9e-af94-57fca7fa530c;019df240-6640-7ef2-9d08-199c0e36cd2f;2200;validated
019f3c94-16f0-75cc-81f8-a24e2a7c6468;2026-07-07T12:36:06.000Z;019e81fb-7180-7cf0-a08a-b23a84d1f7e2;019df882-9280-7611-809d-b8ea9ad75f62;3200;validated
019f3c94-3630-7a1a-9060-9f511f27a59d;2026-07-07T12:36:14.000Z;019e81fb-7180-7b1d-bfb7-4ca1b6989340;019e1bfc-9a80-7437-828b-2350a402c2a5;3350;validated
019f3d5d-cba8-7b71-8fbd-eb1a62bd32b9;2026-07-07T16:16:25.000Z;019e81fb-7180-7cf0-a08a-b23a84d1f7e2;019e031d-1c60-75e5-bf23-4ae718f6caa5;7300;validated
019f3ded-ee18-7828-8dfd-f7a743bfb14c;2026-07-07T18:53:51.000Z;019e81fb-7180-71d7-bf28-b64501f7e214;019e031d-1c60-75e5-bf23-4ae718f6caa5;4500;validated
019f41ef-2720-7bdc-b079-19d6be4f39aa;2026-07-08T13:33:40.000Z;019e81fb-7180-7c60-8331-507544e97958;019e1bfc-9a80-7437-828b-2350a402c2a5;5950;validated
019f46da-04a8-74ce-961a-409fd351cffc;2026-07-09T12:28:41.000Z;019e81fb-7180-7a89-91b4-2e66f81fe164;019e1bfc-9a80-7437-828b-2350a402c2a5;11200;refused
019f4815-3040-71b6-8608-35cd4f12f2d8;2026-07-09T18:12:56.000Z;019e81fb-7180-7df8-84f4-7c35bb76ac27;019df882-9280-7611-809d-b8ea9ad75f62;2000;validated
019f4b6d-fc18-7c62-b8d0-789090910283;2026-07-10T09:48:47.000Z;019e81fb-7180-7c60-8331-507544e97958;019e1bfc-9a80-7437-828b-2350a402c2a5;6304;validated
019f56aa-1d28-7e47-922d-67a351ccf346;2026-07-12T14:10:17.000Z;019e81fb-7180-7c60-8331-507544e97958;019e031d-1c60-75e5-bf23-4ae718f6caa5;4550;validated
019f5b51-1bb0-718c-a26c-061aefc8e6ab;2026-07-13T11:51:10.000Z;019e81fb-7180-7f6a-b123-93e08772b605;019dfcdf-8400-7cd3-bc51-1b4b354aabbb;9550;validated
019f5b56-8668-79a9-9f7a-c4f05e6a3265;2026-07-13T11:57:05.000Z;019e81fb-7180-7826-8b29-f71694a71d37;019df882-9280-7611-809d-b8ea9ad75f62;1300;validated
019f5b92-85c8-7a95-afeb-a307e1630aa4;2026-07-13T13:02:37.000Z;019e81fb-7180-7854-88be-9de1cc3ad3f9;019e031d-1c60-75e5-bf23-4ae718f6caa5;5400;validated
019f5c27-d858-73d8-9c51-ebef5ec4c410;2026-07-13T15:45:43.000Z;019e81fb-7180-705b-9f1b-83316cdf5d1f;019df882-9280-7611-809d-b8ea9ad75f62;3400;validated
019f61b4-c240-7ac0-b2ab-a0df76e9ccf4;2026-07-14T17:37:44.000Z;019e81fb-7180-705b-9f1b-83316cdf5d1f;019dfcdf-8400-7cd3-bc51-1b4b354aabbb;8700;refused
019f61d2-48d8-719f-a368-66f93ab1e56a;2026-07-14T18:09:59.000Z;019e81fb-7180-7cf7-8f86-002dd3a413fc;019e1bfc-9a80-7437-828b-2350a402c2a5;3068;validated
019f6552-3c20-74b7-a57b-a41b437225bd;2026-07-15T10:28:36.000Z;019e81fb-7180-70aa-97f0-1aec5803dcd6;019e031d-1c60-75e5-bf23-4ae718f6caa5;1903;validated
019f659c-2218-7863-9586-6b78422702db;2026-07-15T11:49:19.000Z;019e81fb-7180-7f65-ad5a-13d3a6017fdf;019e1bfc-9a80-7437-828b-2350a402c2a5;9050;validated
019f66a5-4900-7dc6-9e1e-e2a00a63b7b9;2026-07-15T16:38:56.000Z;019e81fb-7180-735e-bb74-856b60c045e2;019df240-6640-7ef2-9d08-199c0e36cd2f;900;validated
019f6a33-74e8-7921-9d7f-a4dfb72ddca5;2026-07-16T09:13:05.000Z;019e81fb-7180-7cf0-a08a-b23a84d1f7e2;019e1bfc-9a80-7437-828b-2350a402c2a5;11800;validated
019f6a3d-5440-7dbe-a368-91954ddbd7b8;2026-07-16T09:23:52.000Z;019e81fb-7180-7ae6-9f84-4846eb2dca75;019e1bfc-9a80-7437-828b-2350a402c2a5;5094;validated
019f6b23-6a98-7f68-9663-0f87ae55b639;2026-07-16T13:35:11.000Z;019e81fb-7180-705b-9f1b-83316cdf5d1f;019dfcdf-8400-7cd3-bc51-1b4b354aabbb;13900;refused
019f6b36-0450-759d-b479-b8e6d8922650;2026-07-16T13:55:30.000Z;019e81fb-7180-7804-98a5-d0068c2cf02e;019df240-6640-7ef2-9d08-199c0e36cd2f;2450;validated
019f6fa3-ed90-7176-adf1-90af95a0357b;2026-07-17T10:34:02.000Z;019e81fb-7180-7766-94a9-af69722de51b;019dfcdf-8400-7cd3-bc51-1b4b354aabbb;2300;validated
019f7484-3810-7926-a9ff-33535444645a;2026-07-18T09:17:30.000Z;019e81fb-7180-71d7-bf28-b64501f7e214;019e031d-1c60-75e5-bf23-4ae718f6caa5;2890;validated
019f75a1-dd10-78d8-9658-ced2ef4e0ea1;2026-07-18T14:29:30.000Z;019e81fb-7180-78d3-98a4-2c114d08af75;019df882-9280-7611-809d-b8ea9ad75f62;2632;validated
019f7a35-c0f8-7dab-9017-f52eff10e0a9;2026-07-19T11:49:31.000Z;019e81fb-7180-7af3-a973-aeaaeaba822f;019dfcdf-8400-7cd3-bc51-1b4b354aabbb;3443;validated
019f7a73-db68-7c09-b28f-587472536435;2026-07-19T12:57:21.000Z;019e81fb-7180-7082-8571-bc713d79af65;019df882-9280-7611-809d-b8ea9ad75f62;580;validated
019f7fee-6a18-7511-98a1-646d5e99ac2c;2026-07-20T14:29:19.000Z;019e81fb-7180-705b-9f1b-83316cdf5d1f;019dfcdf-8400-7cd3-bc51-1b4b354aabbb;3350;validated
019f84ac-ffb0-7db7-a5b0-e49c8b41436c;2026-07-21T12:35:58.000Z;019e81fb-7180-7759-9079-43fb0c4eef9b;019e031d-1c60-75e5-bf23-4ae718f6caa5;4790;validated
019f8592-2f90-7dfa-a78b-6e881f804b52;2026-07-21T16:46:18.000Z;019e81fb-7180-7af3-a973-aeaaeaba822f;019df882-9280-7611-809d-b8ea9ad75f62;1800;validated
019f859b-b8f8-72f4-9987-8288d184507d;2026-07-21T16:56:43.000Z;019e81fb-7180-7b3d-a9ba-c1ce147b2b3a;019dfcdf-8400-7cd3-bc51-1b4b354aabbb;8700;validated
019f85d5-9d48-7b44-bc47-c79e50f3de74;2026-07-21T17:59:57.000Z;019e81fb-7180-7c10-a67e-2722d3eec6e3;019e1bfc-9a80-7437-828b-2350a402c2a5;3150;validated
019f894f-a4f0-7c79-895b-2dbcd6fae172;2026-07-22T10:12:06.000Z;019e81fb-7180-70aa-97f0-1aec5803dcd6;019df882-9280-7611-809d-b8ea9ad75f62;2500;validated
019f902d-fda8-70d0-b999-39c9e0c14e39;2026-07-23T18:12:41.000Z;019e81fb-7180-7dd4-9916-bdbb47579ac7;019e031d-1c60-75e5-bf23-4ae718f6caa5;4850;validated
019f93e8-d328-72bf-8a83-9e6590c05e1f;2026-07-24T11:35:37.000Z;019e81fb-7180-7766-94a9-af69722de51b;019e031d-1c60-75e5-bf23-4ae718f6caa5;5190;validated
019f9541-17f8-7f27-afa0-45128d50d472;2026-07-24T17:51:39.000Z;019e81fb-7180-78d3-98a4-2c114d08af75;019df240-6640-7ef2-9d08-199c0e36cd2f;1001;validated
019f98a6-5750-7bc3-bbc6-d180b21e27fc;2026-07-25T09:41:06.000Z;019e81fb-7180-7b1d-bfb7-4ca1b6989340;019e165f-39c0-72e7-805d-5983bca89316;8857;refused
019f992a-8b10-7473-92a5-cc2793be1cf2;2026-07-25T12:05:30.000Z;019e81fb-7180-74f2-b7c4-23219854e069;019e031d-1c60-75e5-bf23-4ae718f6caa5;2949;validated
019f9933-e598-74c5-8474-7cd9cb37bcc6;2026-07-25T12:15:43.000Z;019e81fb-7180-7819-8321-1fe743e98716;019e1bfc-9a80-7437-828b-2350a402c2a5;5000;validated
019f9a48-6aa8-7399-8cb8-b7dcc12daf8e;2026-07-25T17:17:45.000Z;019e81fb-7180-705b-9f1b-83316cdf5d1f;019df882-9280-7611-809d-b8ea9ad75f62;4250;validated
019f9e12-0180-7325-90ee-2b0c055c959a;2026-07-26T10:56:48.000Z;019e81fb-7180-7759-9079-43fb0c4eef9b;019df882-9280-7611-809d-b8ea9ad75f62;2690;validated
019f9f2e-4308-7c6b-8866-0c5f958fc483;2026-07-26T16:07:17.000Z;019e81fb-7180-7a89-91b4-2e66f81fe164;019e1bfc-9a80-7437-828b-2350a402c2a5;9490;refused
019fa2f2-57b8-7661-844c-0bc3947586b8;2026-07-27T09:40:19.000Z;019e81fb-7180-7819-8321-1fe743e98716;019dfcdf-8400-7cd3-bc51-1b4b354aabbb;6100;validated
019fa461-a310-7b73-98c3-c0d9680b5675;2026-07-27T16:21:30.000Z;019e81fb-7180-7dd4-9916-bdbb47579ac7;019e165f-39c0-72e7-805d-5983bca89316;9490;validated
019fa82f-b270-70b6-875b-d17c60949ccf;2026-07-28T10:05:26.000Z;019e81fb-7180-79bf-855c-a90f858c423f;019df240-6640-7ef2-9d08-199c0e36cd2f;2300;validated
019fa989-bc60-76f7-a282-f9ff52431d72;2026-07-28T16:23:24.000Z;019e81fb-7180-705b-9f1b-83316cdf5d1f;019e165f-39c0-72e7-805d-5983bca89316;5100;refused
019faa03-93c8-74a7-8344-6286bdc71c1a;2026-07-28T18:36:29.000Z;019e81fb-7180-7db0-b532-a467c7e303cb;019e1bfc-9a80-7437-828b-2350a402c2a5;4400;validated
019faa11-0530-7776-b558-9785762d7d97;2026-07-28T18:51:10.000Z;019e81fb-7180-7b3d-a9ba-c1ce147b2b3a;019e1bfc-9a80-7437-828b-2350a402c2a5;12690;refused
019fae04-1d08-7e10-bf29-baeaa44f792b;2026-07-29T13:15:33.000Z;019e81fb-7180-71d7-bf28-b64501f7e214;019e165f-39c0-72e7-805d-5983bca89316;9490;refused
019faeed-b9b8-72be-94bc-43bd66e0b3d0;2026-07-29T17:30:43.000Z;019e81fb-7180-7277-a415-dbd8d83b3a10;019e031d-1c60-75e5-bf23-4ae718f6caa5;5990;validated
019faef2-8c18-7055-8d98-2fb6f0fad4ef;2026-07-29T17:35:59.000Z;019e81fb-7180-7d9e-af94-57fca7fa530c;019df882-9280-7611-809d-b8ea9ad75f62;1800;validated
019fb8c7-06d8-7bd6-8f0a-a5f44348a348;2026-07-31T15:24:39.000Z;019e81fb-7180-777c-be09-75696ad2c12a;019e165f-39c0-72e7-805d-5983bca89316;4950;validated
019fbd17-4658-7b9e-ad51-01acfc03e4d6;2026-08-01T11:30:47.000Z;019e81fb-7180-7804-98a5-d0068c2cf02e;019e165f-39c0-72e7-805d-5983bca89316;4200;validated
019fc34c-6e90-703d-a89a-76bb34fbc181;2026-08-02T16:26:34.000Z;019e81fb-7180-7277-a415-dbd8d83b3a10;019e165f-39c0-72e7-805d-5983bca89316;8550;validated
019fc6e1-ce38-758b-a3d8-f3481a5be661;2026-08-03T09:08:35.000Z;019e81fb-7180-79bc-940b-f864a4faef96;019e165f-39c0-72e7-805d-5983bca89316;3700;validated
019fcd05-3f48-721a-b0a1-8c3f87e27e68;2026-08-04T13:45:01.000Z;019e81fb-7180-7766-94a9-af69722de51b;019df882-9280-7611-809d-b8ea9ad75f62;1190;validated
019fd2c9-7d40-7023-9850-c84a3d0ef3d6;2026-08-05T16:37:28.000Z;019e81fb-7180-7029-835d-5d61d52ecc37;019e1bfc-9a80-7437-828b-2350a402c2a5;8050;validated
019fd306-1110-7ea8-8084-49605ecfd816;2026-08-05T17:43:38.000Z;019e81fb-7180-74cb-8bc2-e5600a3db368;019e165f-39c0-72e7-805d-5983bca89316;11090;validated
019fd81d-e650-7d92-83a6-a029e2da2073;2026-08-06T17:27:46.000Z;019e81fb-7180-7c60-8331-507544e97958;019dfcdf-8400-7cd3-bc51-1b4b354aabbb;4800;validated
019fdbd5-be30-743e-8425-0825e105300c;2026-08-07T10:47:26.000Z;019e81fb-7180-7db0-b532-a467c7e303cb;019df240-6640-7ef2-9d08-199c0e36cd2f;1000;validated
019fdbf9-1ce0-7095-91f6-d72b9e0e931b;2026-08-07T11:26:04.000Z;019e81fb-7180-7c60-8331-507544e97958;019e165f-39c0-72e7-805d-5983bca89316;7953;refused
019fdc11-e4a0-7d9a-9615-9ee9e6cb030b;2026-08-07T11:53:08.000Z;019e81fb-7180-7611-9f19-90797c2d26d0;019e165f-39c0-72e7-805d-5983bca89316;9400;validated
019fdc28-0898-7707-af19-20017c8b2a5d;2026-08-07T12:17:19.000Z;019e81fb-7180-71d7-bf28-b64501f7e214;019e031d-1c60-75e5-bf23-4ae718f6caa5;6290;validated
019fdc91-da70-7d70-9e10-87bfae796404;2026-08-07T14:12:54.000Z;019e81fb-7180-7029-835d-5d61d52ecc37;019e031d-1c60-75e5-bf23-4ae718f6caa5;5923;validated
019fdd05-6878-7f39-b10a-93dd4c270706;2026-08-07T16:19:07.000Z;019e81fb-7180-7766-94a9-af69722de51b;019df240-6640-7ef2-9d08-199c0e36cd2f;700;validated
019fdd8a-cce8-748b-8061-d5f485d52174;2026-08-07T18:44:49.000Z;019e81fb-7180-7dd4-9916-bdbb47579ac7;019df882-9280-7611-809d-b8ea9ad75f62;1248;validated
019fe116-0300-71e9-80e9-5e391bc991c7;2026-08-08T11:15:44.000Z;019e81fb-7180-7759-9079-43fb0c4eef9b;019fcc09-7640-7880-bb98-e0576eed44bf;4890;validated
019fe1cf-5080-7128-a1df-9c671b72de8d;2026-08-08T14:38:08.000Z;019e81fb-7180-76bb-824f-d26b6cb86757;019df240-6640-7ef2-9d08-199c0e36cd2f;1750;validated
019fe1f5-c440-7cfa-9d2f-7149759b49f3;2026-08-08T15:20:08.000Z;019e81fb-7180-7d0b-bd14-bf01ccb30ec1;019fcc09-7640-7880-bb98-e0576eed44bf;3950;validated
019fe215-7970-7e41-9a5b-a93da181c441;2026-08-08T15:54:46.000Z;019e81fb-7180-7b3d-a9ba-c1ce147b2b3a;019df882-9280-7611-809d-b8ea9ad75f62;1400;validated
019fe236-0d48-73e7-af53-7f12d6679533;2026-08-08T16:30:21.000Z;019e81fb-7180-7ca7-88f3-0956ce7af90f;019fd25d-f200-7a59-a31f-3405d300436a;3503;validated
019fe5c0-9780-7683-8e1a-5242972adac6;2026-08-09T09:00:32.000Z;019e81fb-7180-705b-9f1b-83316cdf5d1f;019fcc09-7640-7880-bb98-e0576eed44bf;9750;validated
019fecc7-8ea8-768d-aa9b-68ab572f17b7;2026-08-10T17:45:29.000Z;019e81fb-7180-7a89-91b4-2e66f81fe164;019fd25d-f200-7a59-a31f-3405d300436a;5690;validated
019ff0c3-9f60-7e4f-9228-766686b2bd71;2026-08-11T12:19:40.000Z;019e81fb-7180-71d7-bf28-b64501f7e214;019fd25d-f200-7a59-a31f-3405d300436a;1690;validated
019ff14c-6318-7391-88e3-46d6db5d2d71;2026-08-11T14:49:03.000Z;019e81fb-7180-74cb-8bc2-e5600a3db368;019fe07e-4740-7398-bf3f-5f4fdf5603f3;700;validated
019ff67b-6208-720b-ad44-720f316f1268;2026-08-12T14:58:29.000Z;019e81fb-7180-7b3d-a9ba-c1ce147b2b3a;019df240-6640-7ef2-9d08-199c0e36cd2f;4000;validated
019ff69c-76c8-7a33-9278-a0368209b9e0;2026-08-12T15:34:37.000Z;019e81fb-7180-705b-9f1b-83316cdf5d1f;019df240-6640-7ef2-9d08-199c0e36cd2f;1650;refused
019ffb2c-5f28-7e93-a9ec-c632a2a2e578;2026-08-13T12:50:17.000Z;019e81fb-7180-7af3-a973-aeaaeaba822f;019fd25d-f200-7a59-a31f-3405d300436a;5690;validated
019fffc5-3c80-7268-aa87-c870ab357e3a;2026-08-14T10:15:44.000Z;019e81fb-7180-735e-bb74-856b60c045e2;019fcc09-7640-7880-bb98-e0576eed44bf;4050;validated
01a00112-03e8-7b44-8133-da9e06ad96e5;2026-08-14T16:19:13.000Z;019e81fb-7180-7a89-91b4-2e66f81fe164;019fd25d-f200-7a59-a31f-3405d300436a;6954;refused
01a00512-b820-7293-b125-6277dbb95dc7;2026-08-15T10:58:28.000Z;019e81fb-7180-756c-9d73-b07977e90dca;019df882-9280-7611-809d-b8ea9ad75f62;2200;validated
01a0052d-4cd0-7e66-8256-c8c0e1853abf;2026-08-15T11:27:30.000Z;019e81fb-7180-7e90-a7c2-71f9898a2d8b;019df882-9280-7611-809d-b8ea9ad75f62;573;validated
01a0059e-bfc8-7024-8d35-0cfd9f2717ca;2026-08-15T13:31:25.000Z;019e81fb-7180-74cb-8bc2-e5600a3db368;019df882-9280-7611-809d-b8ea9ad75f62;1690;validated
01a00a5f-4190-7503-ba1d-8f26eecfb2fc;2026-08-16T11:40:10.000Z;019e81fb-7180-7cf0-a08a-b23a84d1f7e2;019e165f-39c0-72e7-805d-5983bca89316;12339;validated
01a00b08-6658-7c2d-89bc-a648aefc90c3;2026-08-16T14:44:55.000Z;019e81fb-7180-735e-bb74-856b60c045e2;019fd25d-f200-7a59-a31f-3405d300436a;4290;validated
01a00b68-9b40-7482-aa5a-4fa063505f05;2026-08-16T16:30:00.000Z;019e81fb-7180-7826-8b29-f71694a71d37;019e1bfc-9a80-7437-828b-2350a402c2a5;13500;validated
01a00ef5-57f8-7d78-8769-05c1400ba1bb;2026-08-17T09:02:35.000Z;019e81fb-7180-7804-98a5-d0068c2cf02e;019e031d-1c60-75e5-bf23-4ae718f6caa5;4000;validated
01a0141b-a840-7595-9862-5b860bd681ab;2026-08-18T09:02:32.000Z;019e81fb-7180-7759-9079-43fb0c4eef9b;019fd25d-f200-7a59-a31f-3405d300436a;3863;validated
01a015a8-0cd0-7fa2-9ae0-290de9f952db;2026-08-18T16:15:30.000Z;019e81fb-7180-7b3d-a9ba-c1ce147b2b3a;019fe07e-4740-7398-bf3f-5f4fdf5603f3;3300;validated
01a019f0-2660-7983-a5da-92ee77153645;2026-08-19T12:12:44.000Z;019e81fb-7180-71d8-9856-c2ad50f6d2e2;019e031d-1c60-75e5-bf23-4ae718f6caa5;6500;validated
01a01a5b-e468-7ae5-8d80-8a3049165491;2026-08-19T14:10:25.000Z;019e81fb-7180-7f6a-b123-93e08772b605;019df882-9280-7611-809d-b8ea9ad75f62;2790;validated
01a01ac4-eb20-74d6-aa6c-50b07e571c44;2026-08-19T16:05:08.000Z;019e81fb-7180-7a89-91b4-2e66f81fe164;019df882-9280-7611-809d-b8ea9ad75f62;2150;validated
01a01b15-9778-78bd-b027-2a6e57bbdbbd;2026-08-19T17:33:15.000Z;019e81fb-7180-735e-bb74-856b60c045e2;019e1bfc-9a80-7437-828b-2350a402c2a5;4100;validated
01a01fbc-3840-74b3-afca-040775c363d4;2026-08-20T15:13:44.000Z;019e81fb-7180-7a89-91b4-2e66f81fe164;019dfcdf-8400-7cd3-bc51-1b4b354aabbb;7350;refused
01a02070-5988-78ae-a23c-5027688572fa;2026-08-20T18:30:29.000Z;019e81fb-7180-7245-b18d-7606ab555ad5;019e165f-39c0-72e7-805d-5983bca89316;8200;validated
01a02580-e780-7976-a18e-ba942844cd5b;2026-08-21T18:06:40.000Z;019e81fb-7180-7f65-ad5a-13d3a6017fdf;019e1bfc-9a80-7437-828b-2350a402c2a5;8490;validated
01a02e8a-6d38-7f55-b252-0699e8360054;2026-08-23T12:13:39.000Z;019e81fb-7180-783c-af91-817c1945b407;019fe07e-4740-7398-bf3f-5f4fdf5603f3;2590;validated
01a02ef1-f138-7b45-a1f3-83e10a37fa50;2026-08-23T14:06:43.000Z;019e81fb-7180-7a89-91b4-2e66f81fe164;019e031d-1c60-75e5-bf23-4ae718f6caa5;4800;refused
01a02f5f-e5a8-713a-9fd9-49c436ef0062;2026-08-23T16:06:49.000Z;019e81fb-7180-71d8-9856-c2ad50f6d2e2;019e031d-1c60-75e5-bf23-4ae718f6caa5;5449;validated
01a033e6-e0e0-7384-ae76-5c9c14912a40;2026-08-24T13:12:44.000Z;019e81fb-7180-7b3d-a9ba-c1ce147b2b3a;019fe07e-4740-7398-bf3f-5f4fdf5603f3;3150;validated
01a034f7-cff8-7c78-a410-f704553dfbce;2026-08-24T18:10:51.000Z;019e81fb-7180-7d63-b169-cbec9cf3f2b3;019df882-9280-7611-809d-b8ea9ad75f62;878;validated
01a0399b-09a8-7ec3-87b2-f8db04b4fe9c;2026-08-25T15:47:37.000Z;019e81fb-7180-7d63-b169-cbec9cf3f2b3;019fcc09-7640-7880-bb98-e0576eed44bf;5100;validated
01a03daf-0b48-730d-a647-5789d2a29467;2026-08-26T10:47:57.000Z;019e81fb-7180-783c-af91-817c1945b407;019df240-6640-7ef2-9d08-199c0e36cd2f;753;validated
01a03db1-1aa0-7204-84d7-936924541dc5;2026-08-26T10:50:12.000Z;019e81fb-7180-7819-8321-1fe743e98716;019e1bfc-9a80-7437-828b-2350a402c2a5;4801;validated
01a03e48-edd0-731a-875c-896d7e201fbb;2026-08-26T13:36:02.000Z;019e81fb-7180-79bf-855c-a90f858c423f;019e031d-1c60-75e5-bf23-4ae718f6caa5;5147;validated
01a03f5d-72e0-75c2-8b3f-21c6e9196748;2026-08-26T18:38:04.000Z;019e81fb-7180-7dd4-9916-bdbb47579ac7;019fcc09-7640-7880-bb98-e0576eed44bf;7900;validated
01a04356-4b60-797f-afb9-25b4cd31d8fe;2026-08-27T13:08:44.000Z;019e81fb-7180-7b3d-a9ba-c1ce147b2b3a;019df882-9280-7611-809d-b8ea9ad75f62;2700;validated
01a04433-d250-72f2-be9a-32627f3983de;2026-08-27T17:10:42.000Z;019e81fb-7180-74cb-8bc2-e5600a3db368;019df882-9280-7611-809d-b8ea9ad75f62;1790;validated
01a049b7-88c0-775c-9b50-fd56d53a8492;2026-08-28T18:52:40.000Z;019e81fb-7180-783c-af91-817c1945b407;019dfcdf-8400-7cd3-bc51-1b4b354aabbb;1950;validated
01a04d30-c930-7a44-a822-3ba0034209d4;2026-08-29T11:03:58.000Z;019e81fb-7180-74cb-8bc2-e5600a3db368;019df882-9280-7611-809d-b8ea9ad75f62;2700;validated
01a04e2e-d458-7087-b79a-5f987c0e625d;2026-08-29T15:41:27.000Z;019e81fb-7180-74cb-8bc2-e5600a3db368;019fe07e-4740-7398-bf3f-5f4fdf5603f3;828;validated
01a04e5f-98b8-7868-a3a3-a25e455fdf46;2026-08-29T16:34:43.000Z;019e81fb-7180-78d3-98a4-2c114d08af75;019fd25d-f200-7a59-a31f-3405d300436a;2650;validated
01a04e94-3190-7f68-b9c2-848e2a4a9ae5;2026-08-29T17:32:10.000Z;019e81fb-7180-705b-9f1b-83316cdf5d1f;019df240-6640-7ef2-9d08-199c0e36cd2f;1550;refused
01a051fc-dfd0-7903-8f6d-5d9c2dd8a3cb;2026-08-30T09:25:22.000Z;019e81fb-7180-7ca7-88f3-0956ce7af90f;019e031d-1c60-75e5-bf23-4ae718f6caa5;6210;validated
01a05299-0860-717d-8aea-1d7ccdfc8d78;2026-08-30T12:15:56.000Z;019e81fb-7180-756c-9d73-b07977e90dca;019fe07e-4740-7398-bf3f-5f4fdf5603f3;2700;validated
01a05744-b238-747d-bd30-d64a08f56c17;2026-08-31T10:01:55.000Z;019e81fb-7180-783c-af91-817c1945b407;019fcc09-7640-7880-bb98-e0576eed44bf;4090;validated
01a057ba-9db8-73de-a218-f36dcbeeea44;2026-08-31T12:10:43.000Z;019e81fb-7180-7826-8b29-f71694a71d37;019fcc09-7640-7880-bb98-e0576eed44bf;3400;validated
01a058ee-62c8-7249-bba4-88e909cda808;2026-08-31T17:46:53.000Z;019e81fb-7180-71d7-bf28-b64501f7e214;019df882-9280-7611-809d-b8ea9ad75f62;1650;validated
01a05d0a-4fc0-7b5a-b06d-a782faaf5f4a;2026-09-01T12:55:52.000Z;019e81fb-7180-7819-8321-1fe743e98716;019fd25d-f200-7a59-a31f-3405d300436a;6243;validated
01a05d6b-c4f8-7d38-840c-89f652d8124d;2026-09-01T14:42:19.000Z;019e81fb-7180-7b3d-a9ba-c1ce147b2b3a;019fe07e-4740-7398-bf3f-5f4fdf5603f3;4219;validated
01a05d80-6250-73a6-bd51-651f953b3814;2026-09-01T15:04:50.000Z;019e81fb-7180-7b3d-a9ba-c1ce147b2b3a;019fe07e-4740-7398-bf3f-5f4fdf5603f3;3290;validated
01a0622f-2138-72cd-8166-dfb3f2be5f6a;2026-09-02T12:54:11.000Z;019e81fb-7180-783c-af91-817c1945b407;019e165f-39c0-72e7-805d-5983bca89316;6000;validated
01a06837-a7a8-7416-9b28-2e472ec5daa3;2026-09-03T17:01:13.000Z;019e81fb-7180-7d9e-af94-57fca7fa530c;019fd25d-f200-7a59-a31f-3405d300436a;35720;validated
01a06839-e5e0-7919-a00f-f84427769fb8;2026-09-03T17:03:40.000Z;019e81fb-7180-7e90-a7c2-71f9898a2d8b;019e1bfc-9a80-7437-828b-2350a402c2a5;27672;validated
01a0685d-2938-7d8f-b860-d68f6c37606b;2026-09-03T17:42:11.000Z;019e81fb-7180-74cb-8bc2-e5600a3db368;019fd25d-f200-7a59-a31f-3405d300436a;20202;validated
01a06869-1bd0-7c72-a7f6-76de6326f42d;2026-09-03T17:55:14.000Z;019e81fb-7180-7dd4-9916-bdbb47579ac7;019e031d-1c60-75e5-bf23-4ae718f6caa5;6512;validated
01a06899-5390-7b23-aaca-c3e12376f4ba;2026-09-03T18:47:54.000Z;019e81fb-7180-7854-88be-9de1cc3ad3f9;019dfcdf-8400-7cd3-bc51-1b4b354aabbb;17910;validated
01a0689c-f158-7a96-8bcd-b921422c8288;2026-09-03T18:51:51.000Z;019e81fb-7180-7759-9079-43fb0c4eef9b;019e1bfc-9a80-7437-828b-2350a402c2a5;8050;validated
